[
  {
    "data": {
      "id": "WEB1",
      "url": "https://opentutorials.org/course/3084",
      "label": "WEB1-HTML&Internet"
    }
  },
  {
    "data": {
      "id": "WEB2CSS",
      "url": "https://opentutorials.org/course/3086",
      "label": "CSS"
    }
  },
  {
    "data": {
      "id": "WEB2JAVASCRIPT",
      "url": "https://opentutorials.org/course/3085",
      "label": "JavaScript"
    }
  },
  {
    "data": {
      "id": "WEB2NODEJS",
      "url": "https://opentutorials.org/course/3332",
      "label": "Node.js"
    }
  },
  {
    "data": {
      "id": "WEB2PHP",
      "url": "https://opentutorials.org/course/3130",
      "label": "PHP"
    }
  },
  {
    "data": {
      "id": "WEB2-OAUTH",
      "url": "https://opentutorials.org/module/3668",
      "label": "OAuth 2.0"
    }
  },
  {
    "data": {
      "id": "DATABASE1",
      "url": "https://opentutorials.org/course/3162",
      "label": "DATABASE1"
    }
  },
  {
    "data": {
      "id": "DATABASE2MYSQL",
      "url": "https://opentutorials.org/course/3161",
      "label": "MySQL"
    }
  },
  {
    "data": {
      "id": "WEB3PHP-MYSQL",
      "url": "https://opentutorials.org/course/3167",
      "label": "PHP & MySQL"
    }
  },
  {
    "data": {
      "id": "WEB2PYTHON",
      "url": "https://opentutorials.org/course/3256",
      "label": "Python"
    }
  },
  {
    "data": {
      "id": "WEB2HOME-SERVER",
      "url": "https://opentutorials.org/course/3265",
      "label": "Home server"
    }
  },
  {
    "data": {
      "id": "WEB2DNS",
      "url": "https://opentutorials.org/course/3276",
      "label": "Domain Name System"
    }
  },
  {
    "data": {
      "id": "WEB3AJAX",
      "url": "https://opentutorials.org/course/3281",
      "label": "Ajax"
    }
  },
  {
    "data": {
      "id": "NODEJS-MYSQL",
      "url": "https://opentutorials.org/module/3560",
      "label": "Node.js & MySQL"
    }
  },
  {
    "data": {
      "id": "WEB3-Express",
      "url": "https://opentutorials.org/module/3590",
      "label": "Express"
    }
  },
  {
    "data": {
      "id": "WEB2-HTTP",
      "url": "https://opentutorials.org/module/3621",
      "label": "HTTP"
    }
  },
  {
    "data": {
      "id": "WEB3-NODEJS-COOKIE",
      "url": "https://opentutorials.org/module/3630",
      "label": "Cookie&Auth"
    }
  },
  {
    "data": {
      "id": "DATABASE2-LOWDB",
      "url": "https://opentutorials.org/module/3675",
      "label": "lowdb"
    }
  },
  {
    "data": {
      "id": "WEB6-MULTIUSER",
      "url": "https://opentutorials.org/module/3676",
      "label": "Multi user"
    }
  },
  {
    "data": {
      "id": "WEB7-LOGIN-WITH-GOOGLE-ON-PASSPORT",
      "url": "https://opentutorials.org/module/3677",
      "label": "Google Login"
    }
  },
  {
    "data": {
      "id": "WEB6-MULTIUSER--WEB7-LOGIN-WITH-GOOGLE-ON-PASSPORT",
      "source": "WEB7-LOGIN-WITH-GOOGLE-ON-PASSPORT",
      "target": "WEB6-MULTIUSER"
    }
  },
  {
    "data": {
      "id": "WEB2-OAUTH--WEB7-LOGIN-WITH-GOOGLE-ON-PASSPORT",
      "source": "WEB7-LOGIN-WITH-GOOGLE-ON-PASSPORT",
      "target": "WEB2-OAUTH"
    }
  },
  {
    "data": {
      "id": "WEB5-EXPRESS-PASSPORT--WEB6-MULTIUSER",
      "source": "WEB6-MULTIUSER",
      "target": "WEB5-EXPRESS-PASSPORT"
    }
  },
  {
    "data": {
      "id": "DATABASE2-LOWDB--WEB6-MULTIUSER",
      "source": "WEB6-MULTIUSER",
      "target": "DATABASE2-LOWDB"
    }
  },
  {
    "data": {
      "id": "DATABASE1-DATABASE2-LOWDB",
      "source": "DATABASE2-LOWDB",
      "target": "DATABASE1"
    }
  },
  {
    "data": {
      "id": "WEB2NODEJS-DATABASE2-LOWDB",
      "source": "DATABASE2-LOWDB",
      "target": "WEB2NODEJS"
    }
  },
  {
    "data": {
      "id": "WEB2JAVASCRIPT-DATABASE2-LOWDB",
      "source": "DATABASE2-LOWDB",
      "target": "WEB2JAVASCRIPT"
    }
  },
  {
    "data": {
      "id": "WEB2-NODEJS--WEB3-NODEJS-COOKIE",
      "source": "WEB3-NODEJS-COOKIE",
      "target": "WEB2NODEJS"
    }
  },
  {
    "data": {
      "id": "WEB2-OAUTH-WEB1",
      "source": "WEB2-OAUTH",
      "target": "WEB1"
    }
  },
  {
    "data": {
      "id": "WEB2-HTTP--WEB3-NODEJS-COOKIE",
      "source": "WEB3-NODEJS-COOKIE",
      "target": "WEB2-HTTP"
    }
  },
  {
    "data": {
      "id": "WEB4-EXPRESS-SESSION",
      "url": "https://opentutorials.org/module/3648",
      "label": "Session&Auth"
    }
  },
  {
    "data": {
      "id": "WEB3-NODEJS-COOKIE--WEB4-EXPRESS-SESSION",
      "source": "WEB4-EXPRESS-SESSION",
      "target": "WEB3-NODEJS-COOKIE"
    }
  },
  {
    "data": {
      "id": "WEB3-EXPRESS--WEB4-EXPRESS-SESSION",
      "source": "WEB4-EXPRESS-SESSION",
      "target": "WEB3-Express"
    }
  },
  {
    "data": {
      "id": "WEB5-EXPRESS-PASSPORT",
      "url": "https://opentutorials.org/module/3655",
      "label": "Passport.js"
    }
  },
  {
    "data": {
      "id": "WEB4-EXPRESS-SESSION-WEB5-EXPRESS-PASSPORT",
      "source": "WEB5-EXPRESS-PASSPORT",
      "target": "WEB4-EXPRESS-SESSION"
    }
  },
  {
    "data": {
      "id": "WEB2-HTTP-WEB1",
      "source": "WEB2-HTTP",
      "target": "WEB1"
    }
  },
  {
    "data": {
      "id": "WEB3-Express-WEB2NODEJS",
      "source": "WEB3-Express",
      "target": "WEB2NODEJS"
    }
  },
  {
    "data": {
      "id": "WEB2DNS-WEB1",
      "source": "WEB2DNS",
      "target": "WEB1"
    }
  },
  {
    "data": {
      "id": "WEB2HOMESERVER-WEB1",
      "source": "WEB2HOME-SERVER",
      "target": "WEB1"
    }
  },
  {
    "data": {
      "id": "WEB2CSS-WEB1",
      "source": "WEB2CSS",
      "target": "WEB1"
    }
  },
  {
    "data": {
      "id": "WEB2JAVASCRIPT-WEB1",
      "source": "WEB2JAVASCRIPT",
      "target": "WEB1"
    }
  },
  {
    "data": {
      "id": "WEB2NODEJS-WEB1",
      "source": "WEB2NODEJS",
      "target": "WEB1"
    }
  },
  {
    "data": {
      "id": "WEB2PHP-WEB1",
      "source": "WEB2PHP",
      "target": "WEB1"
    }
  },
  {
    "data": {
      "id": "WEB2PYTHON-WEB1",
      "source": "WEB2PYTHON",
      "target": "WEB1"
    }
  },
  {
    "data": {
      "id": "DATABASE2MYSQL-DATABASE1",
      "source": "DATABASE2MYSQL",
      "target": "DATABASE1"
    }
  },
  {
    "data": {
      "id": "WEB3PHP-MYSQL-WEB1",
      "source": "WEB3PHP-MYSQL",
      "target": "WEB2PHP"
    }
  },
  {
    "data": {
      "id": "WEB3PHP-MYSQL-DATABASE2MYSQL",
      "source": "WEB3PHP-MYSQL",
      "target": "DATABASE2MYSQL"
    }
  },
  {
    "data": {
      "id": "WEB2JAVASCRIPT-WEB3AJAX",
      "source": "WEB3AJAX",
      "target": "WEB2JAVASCRIPT"
    }
  },
  {
    "data": {
      "id": "MYSQL-NODEJS-WEB2NODEJS",
      "source": "NODEJS-MYSQL",
      "target": "WEB2NODEJS"
    }
  },
  {
    "data": {
      "id": "MYSQL-NODEJS-MYSQL",
      "source": "NODEJS-MYSQL",
      "target": "DATABASE2MYSQL"
    }
  },
  {
    "data": {
      "id": "WEB7-LOGIN-WITH-FACEBOOK-ON-PASSPORT",
      "url": "https://opentutorials.org/module/3680",
      "label": "Facebook Login"
    }
  },
  {
    "data": {
      "id": "WEB6-MULTIUSER--WEB7-LOGIN-WITH-FACEBOOK-ON-PASSPORT",
      "source": "WEB7-LOGIN-WITH-FACEBOOK-ON-PASSPORT",
      "target": "WEB6-MULTIUSER"
    }
  },
  {
    "data": {
      "id": "WEB2-OAUTH--WEB7-LOGIN-WITH-FACEBOOK-ON-PASSPORT",
      "source": "WEB7-LOGIN-WITH-FACEBOOK-ON-PASSPORT",
      "target": "WEB2-OAUTH"
    }
  },
  {
    "data": {
      "id": "WEB3-FACEBOOK-LOGIN",
      "url": "https://opentutorials.org/module/3698",
      "label": "Facebook Login"
    }
  },
  {
    "data": {
      "id": "WEB2JAVASCRIPT--WEB3-FACEBOOK-LOGIN",
      "source": "WEB3-FACEBOOK-LOGIN",
      "target": "WEB2JAVASCRIPT"
    }
  },
  {
    "data": {
      "id": "WEB2-OAUTH--WEB3-FACEBOOK-LOGIN",
      "source": "WEB3-FACEBOOK-LOGIN",
      "target": "WEB2-OAUTH"
    }
  },
  {
    "data": {
      "id": "WEB3-GOOGLE-LOGIN",
      "url": "https://opentutorials.org/module/3705",
      "label": "Google Login"
    }
  },
  {
    "data": {
      "id": "WEB2JAVASCRIPT--WEB3-GOOGLE-LOGIN",
      "source": "WEB3-GOOGLE-LOGIN",
      "target": "WEB2JAVASCRIPT"
    }
  },
  {
    "data": {
      "id": "WEB2-OAUTH--WEB3-GOOGLE-LOGIN",
      "source": "WEB3-GOOGLE-LOGIN",
      "target": "WEB2-OAUTH"
    }
  },
  {
    "data": {
      "id": "WEB3-BEARER-AUTHENTICATION",
      "url": "https://gist.github.com/egoing/cac3d6c8481062a7e7de327d3709505f",
      "label": "Bearer Auth"
    }
  },
  {
    "data": {
      "id": "WEB2-HTTP--WEB3-BEARER-AUTHENTICATION",
      "source": "WEB3-BEARER-AUTHENTICATION",
      "target": "WEB2-HTTP"
    }
  },
  {
    "data": {
      "id": "WEB2-OAUTH--WEB3-BEARER-AUTHENTICATION",
      "source": "WEB3-BEARER-AUTHENTICATION",
      "target": "WEB2-OAUTH"
    }
  },
  {
    "data": {
      "id": "GIT1",
      "url": "https://opentutorials.org/module/3733",
      "label": "Git1"
    }
  },
  {
    "data": {
      "id": "GIT2-TORTOISEGIT-VERSION-CONTROL",
      "url": "https://opentutorials.org/module/3736",
      "label": "TortoiseGit-Version Control"
    }
  },
  {
    "data": {
      "id": "GIT1--GIT2-TORTOISEGIT-VERSION-CONTROL",
      "source": "GIT2-TORTOISEGIT-VERSION-CONTROL",
      "target": "GIT1"
    }
  },
  {
    "data": {
      "id": "GIT2-SOURCETREE-VERSION-CONTROL",
      "url": "https://opentutorials.org/module/3746",
      "label": "SourceTree-Version Control"
    }
  },
  {
    "data": {
      "id": "GIT1--GIT2-SOURCETREE-VERSION-CONTROL",
      "source": "GIT2-SOURCETREE-VERSION-CONTROL",
      "target": "GIT1"
    }
  },
  {
    "data": {
      "id": "POSIX-CLI1",
      "url": "https://opentutorials.org/module/3747",
      "label": "POSIX CLI1"
    }
  },
  {
    "data": {
      "id": "GIT2-CLI-VERSION-CONTROL",
      "url": "https://opentutorials.org/module/3762",
      "label": "GIT2-CLI Version Control"
    }
  },
  {
    "data": {
      "id": "GIT1--GIT2-CLI-VERSION-CONTROL",
      "source": "GIT2-CLI-VERSION-CONTROL",
      "target": "GIT1"
    }
  },
  {
    "data": {
      "id": "POSIX-CLI1--GIT2-CLI-VERSION-CONTROL",
      "source": "GIT2-CLI-VERSION-CONTROL",
      "target": "POSIX-CLI1"
    }
  },
  {
    "data": {
      "id": "GIT3-CLI-BACKUP",
      "url": "https://opentutorials.org/module/3801",
      "label": "GIT CLI Backup"
    }
  },
  {
    "data": {
      "id": "GIT2-CLI-VERSION-CONTROL-GIT3-CLI-BACKUP",
      "source": "GIT3-CLI-BACKUP",
      "target": "GIT2-CLI-VERSION-CONTROL"
    }
  },
  {
    "data": {
      "id": "GIT3-SOURCETREE-BACKUP",
      "url": "https://opentutorials.org/module/3802",
      "label": "Sourcetree Backup"
    }
  },
  {
    "data": {
      "id": "GIT3-SOURCETREE-VERSION-CONTROL--GIT3-SOURCETREE-BACKUP",
      "source": "GIT3-SOURCETREE-BACKUP",
      "target": "GIT2-SOURCETREE-VERSION-CONTROL"
    }
  },
  {
    "data": {
      "id": "GIT3-TORTOISEGIT-BACKUP",
      "url": "https://opentutorials.org/module/3803",
      "label": "TortoiseGIT Backup"
    }
  },
  {
    "data": {
      "id": "GIT2-TORTOISEGIT-VERSION-CONTROL--GIT3-TORTOISEGIT-BACKUP",
      "source": "GIT3-TORTOISEGIT-BACKUP",
      "target": "GIT2-TORTOISEGIT-VERSION-CONTROL"
    }
  },
  {
    "data": {
      "id": "AWS1",
      "url": "https://opentutorials.org/module/3814",
      "label": "AWS1"
    }
  },
  {
    "data": {
      "id": "AWS2S3",
      "url": "https://opentutorials.org/module/3815",
      "label": "S3"
    }
  },
  {
    "data": {
      "id": "AWS1-AWS2S3",
      "source": "AWS2S3",
      "target": "AWS1"
    }
  },
  {
    "data": {
      "id": "S3-WEB-HOSTING",
      "url": "https://youtu.be/7ckUTlnhAdo",
      "label": "S3 WEB Hosting"
    }
  },
  {
    "data": {
      "id": "WEB1--S3-WEB-HOSTING",
      "source": "S3-WEB-HOSTING",
      "target": "WEB1"
    }
  },
  {
    "data": {
      "id": "AWS2S3--S3-WEB-HOSTING",
      "source": "S3-WEB-HOSTING",
      "target": "AWS2S3"
    }
  },
  {
    "data": {
      "id": "WEB3-HTTP-CACHE",
      "url": "https://opentutorials.org/module/3830",
      "label": "HTTP Cache"
    }
  },
  {
    "data": {
      "id": "WEB2-HTTP--WEB3-HTTP-CACHE",
      "source": "WEB3-HTTP-CACHE",
      "target": "WEB2-HTTP"
    }
  },
  {
    "data": {
      "id": "AWS2-CLOUDFRONT",
      "url": "https://opentutorials.org/module/3838",
      "label": "CloudFront"
    }
  },
  {
    "data": {
      "id": "WEB3-HTTP-CACHE--AWS2-CLOUDFRONT",
      "source": "AWS2-CLOUDFRONT",
      "target": "WEB3-HTTP-CACHE"
    }
  },
  {
    "data": {
      "id": "AWS1--AWS2-CLOUDFRONT",
      "source": "AWS2-CLOUDFRONT",
      "target": "AWS1"
    }
  },
  {
    "data": {
      "id": "AWS2-RDS",
      "url": "https://opentutorials.org/module/3860",
      "label": "RDS"
    }
  },
  {
    "data": {
      "id": "DATABASE2MYSQL--AWS2-RDS",
      "source": "AWS2-RDS",
      "target": "DATABASE2MYSQL"
    }
  },
  {
    "data": {
      "id": "AWS1--AWS2-RDS",
      "source": "AWS2-RDS",
      "target": "AWS1"
    }
  },
  {
    "data": {
      "id": "AWS2-ROUTE53",
      "url": "https://opentutorials.org/module/3898",
      "label": "Route 53"
    }
  },
  {
    "data": {
      "id": "WEB2DNS--AWS2-ROUTE53",
      "source": "AWS2-ROUTE53",
      "target": "WEB2DNS"
    }
  },
  {
    "data": {
      "id": "AWS1--AWS2-ROUTE53",
      "source": "AWS2-ROUTE53",
      "target": "AWS1"
    }
  },
  {
    "data": {
      "id": "GIT3-CLI-BRANCH_CONFLICT",
      "url": "https://opentutorials.org/module/3927",
      "label": "GIT CLI - Branch & Conflict"
    }
  },
  {
    "data": {
      "id": "GIT2-CLI-VERSION-CONTROL--GIT3-CLI-BRANCH_CONFLICT",
      "source": "GIT3-CLI-BRANCH_CONFLICT",
      "target": "GIT2-CLI-VERSION-CONTROL"
    }
  },
  {
    "data": {
      "id": "GIT3-SOURCETREE-BRANCH_CONFLICT",
      "url": "https://opentutorials.org/module/3928",
      "label": "Sourcetree - Branch & Conflict"
    }
  },
  {
    "data": {
      "id": "GIT2-SOURCETREE-VERSION-CONTROL--GIT3-SOURCETREE-BRANCH_CONFLICT",
      "source": "GIT3-SOURCETREE-BRANCH_CONFLICT",
      "target": "GIT2-SOURCETREE-VERSION-CONTROL"
    }
  },
  {
    "data": {
      "id": "GIT3-TORTOISEGIT-BRANCH_CONFLICT",
      "url": "https://opentutorials.org/module/3929",
      "label": "TortoiseGit - Branch & Conflict"
    }
  },
  {
    "data": {
      "id": "GIT2-TORTOISEGIT-VERSION-CONTROL--GIT3-TORTOISEGIT-BRANCH_CONFLICT",
      "source": "GIT3-TORTOISEGIT-BRANCH_CONFLICT",
      "target": "GIT2-TORTOISEGIT-VERSION-CONTROL"
    }
  },
  {
    "data": {
      "id": "GIT4-CLI-COLLABORATION",
      "url": "https://opentutorials.org/module/3967",
      "label": "GIT CLI - Collaboration"
    }
  },
  {
    "data": {
      "id": "GIT3-CLI-BRANCH_CONFLICT--GIT4-CLI-COLLABORATION",
      "source": "GIT4-CLI-COLLABORATION",
      "target": "GIT3-CLI-BRANCH_CONFLICT"
    }
  },
  {
    "data": {
      "id": "GIT3-CLI-BACKUP--GIT4-CLI-COLLABORATION",
      "source": "GIT4-CLI-COLLABORATION",
      "target": "GIT3-CLI-BACKUP"
    }
  },
  {
    "data": {
      "id": "GIT4-SOURCETREE-COLLABORATION",
      "url": "https://opentutorials.org/module/3991",
      "label": "GIT SourceTree - Collaboration"
    }
  },
  {
    "data": {
      "id": "GIT3-CLI-BRANCH_CONFLICT--GIT4-SOURCETREE-COLLABORATION",
      "source": "GIT4-SOURCETREE-COLLABORATION",
      "target": "GIT3-SOURCETREE-BRANCH_CONFLICT"
    }
  },
  {
    "data": {
      "id": "GIT3-CLI-BACKUP--GIT4-SOURCETREE-COLLABORATION",
      "source": "GIT4-SOURCETREE-COLLABORATION",
      "target": "GIT3-SOURCETREE-BACKUP"
    }
  },
  {
    "data": {
      "id": "GIT4-TORTOISEGIT-COLLABORATION",
      "url": "https://opentutorials.org/module/3994",
      "label": "GIT TORTOISEGIT - Collaboration"
    }
  },
  {
    "data": {
      "id": "GIT3-CLI-BRANCH_CONFLICT--GIT4-TORTOISEGIT-COLLABORATION",
      "source": "GIT4-TORTOISEGIT-COLLABORATION",
      "target": "GIT3-TORTOISEGIT-BRANCH_CONFLICT"
    }
  },
  {
    "data": {
      "id": "GIT3-CLI-BACKUP--GIT4-TORTOISEGIT-COLLABORATION",
      "source": "GIT4-TORTOISEGIT-COLLABORATION",
      "target": "GIT3-TORTOISEGIT-BACKUP"
    }
  },
  {
    "data": {
      "id": "GIT4-CLI-CHERRY_PICK-REBASE",
      "url": "https://opentutorials.org/module/4015",
      "label": "GIT cherry-pick & rebase"
    }
  },
  {
    "data": {
      "id": "GIT3-CLI-BRANCH_CONFLICT--GIT4-CLI-CHERRY_PICK-REBASE",
      "source": "GIT4-CLI-CHERRY_PICK-REBASE",
      "target": "GIT3-CLI-BRANCH_CONFLICT"
    }
  },
  {
    "data": {
      "id": "GIT4-CLI-RESET--REVERT",
      "url": "https://opentutorials.org/module/4032",
      "label": "GIT reset & revert"
    }
  },
  {
    "data": {
      "id": "GIT3-CLI-BRANCH_CONFLICT--GIT4-CLI-RESET--REVERT",
      "source": "GIT4-CLI-RESET--REVERT",
      "target": "GIT3-CLI-BRANCH_CONFLICT"
    }
  },
  {
    "data": {
      "id": "AWS2-EDUCATE",
      "url": "https://opentutorials.org/module/4041",
      "label": "AWS Educate"
    }
  },
  {
    "data": {
      "id": "AWS1--AWS2-EDUCATE",
      "source": "AWS2-EDUCATE",
      "target": "AWS1"
    }
  },
  {
    "data": {
      "id": "NPM1",
      "url": "https://opentutorials.org/module/4044",
      "label": "NPM1"
    }
  },
  {
    "data": {
      "id": "POSIX-CLI1--NPM1",
      "source": "NPM1",
      "target": "POSIX-CLI1"
    }
  },
  {
    "data": {
      "id": "JavaScript-Object-Oriented-Programming-1",
      "url": "https://opentutorials.org/module/4047",
      "label": "JavaScript Object Oriented Programming"
    }
  },
  {
    "data": {
      "id": "WEB2JAVASCRIPT--JavaScript-Object-Oriented-Programming",
      "source": "JavaScript-Object-Oriented-Programming-1",
      "target": "WEB2JAVASCRIPT"
    }
  },
  {
    "data": {
      "id": "REACT",
      "url": "https://opentutorials.org/module/4058",
      "label": "React"
    }
  },
  {
    "data": {
      "id": "WEB2JAVASCRIPT--REACT",
      "source": "REACT",
      "target": "WEB2JAVASCRIPT"
    }
  },
  {
    "data": {
      "id": "JavaScript-Object-Oriented-Programming-2",
      "url": "https://opentutorials.org/module/4047",
      "label": "JavaScript Object Oriented Programming"
    }
  },
  {
    "data": {
      "id": "WEB2NODEJS--JavaScript-Object-Oriented-Programming",
      "source": "JavaScript-Object-Oriented-Programming-2",
      "target": "WEB2NODEJS"
    }
  }
]
